,ADVERTISER,RECEIVER,RSSI
0,Kevin,Sam,-72
1,Lisa,John,-66
2,George,Christina,-73
3,Collin,Lisa,-72
4,Lisa,Sam,-67
5,Collin,Kevin,-70
6,Lisa,John,-67
7,Lisa,John,-61
8,John,Collin,-66
9,John,Collin,-72
10,John,Aidan,-64
11,Aidan,Kevin,-71
12,Collin,George,-70
13,Collin,Kevin,-64
14,Collin,Lisa,-64
15,George,Aidan,-71
16,Lisa,Christina,-71
17,Kevin,Aidan,-66
18,Sam,Lisa,-64
19,Kevin,Aidan,-63
20,Lisa,George,-65
21,John,George,-65
22,Kevin,Christina,-60
23,Kevin,Lisa,-63
24,Lisa,Aidan,-70
25,George,Kevin,-61
26,George,Christina,-72
27,Sam,John,-71
28,Kevin,Aidan,-60
29,Kevin,Lisa,-71
30,Collin,Sam,-64
31,Lisa,Kevin,-59
32,Kevin,George,-64
33,Kevin,Sam,-71
34,Aidan,Sam,-64
35,Kevin,Sam,-65
36,George,John,-65
37,Aidan,Christina,-65
38,John,Collin,-71
39,Kevin,John,-64
40,Aidan,Lisa,-65
41,Aidan,John,-71
42,John,Kevin,-72
43,Kevin,Lisa,-72
44,Christina,Lisa,-61
45,John,Christina,-71
46,John,Aidan,-62
47,Aidan,Lisa,-65
48,Lisa,George,-71
49,John,Aidan,-61
50,Aidan,George,-66
51,George,Aidan,-72
52,Collin,Lisa,-71
53,Aidan,Lisa,-64
54,John,Christina,-61
55,Aidan,George,-63
56,George,Kevin,-64
57,John,Aidan,-64
58,Aidan,John,-70
59,Christina,Kevin,-64
60,Collin,George,-60
61,Aidan,Sam,-72
62,John,Lisa,-72
63,Lisa,Aidan,-70
64,Aidan,Sam,-64
65,Christina,Kevin,-65
66,Sam,Kevin,-73
67,Lisa,Collin,-65
68,Aidan,Sam,-66
69,Collin,Sam,-66
70,Lisa,Sam,-62
71,Lisa,Christina,-65
72,George,Aidan,-65
73,Kevin,Sam,-62
74,Christina,Collin,-74
75,Collin,Aidan,-61
76,Christina,Collin,-64
77,Sam,John,-65
78,Lisa,Sam,-71
79,Collin,Christina,-66
80,Aidan,John,-61
81,Christina,George,-70
82,John,Aidan,-70
83,Christina,George,-60
84,John,Lisa,-64
85,Sam,Lisa,-61
86,Christina,Aidan,-61
87,Lisa,John,-65
88,Collin,Aidan,-61
89,Kevin,Collin,-63
90,Collin,Christina,-61
91,Kevin,Christina,-65
92,George,Aidan,-61
93,Kevin,Sam,-72
94,Lisa,George,-72
95,Aidan,Christina,-62
96,Collin,Aidan,-72
97,George,John,-73
98,Aidan,Collin,-71
99,Collin,John,-62
100,John,Sam,-72
101,Lisa,Christina,-72
102,Christina,Collin,-69
103,Kevin,Aidan,-65
104,Aidan,Collin,-66
105,George,Christina,-66
106,Aidan,Kevin,-71
107,Aidan,George,-64
108,Christina,Sam,-61
109,Lisa,Collin,-65
110,Aidan,George,-61
111,Kevin,Aidan,-71
112,Christina,John,-71
113,Lisa,Collin,-61
114,Lisa,Kevin,-65
115,Sam,Kevin,-65
116,Lisa,Kevin,-61
117,Aidan,George,-60
0,Christina,Aidan,-31
1,Collin,Sam,-24
2,Aidan,Collin,-25
3,George,Kevin,-31
4,Christina,John,-25
5,Collin,Christina,-24
6,Sam,Christina,-25
7,Kevin,Sam,-31
8,George,Aidan,-25
9,Aidan,John,-31
10,Aidan,Lisa,-24
11,John,Sam,-25
12,George,Kevin,-25
13,Lisa,George,-31
14,John,George,-31
15,John,Kevin,-31
16,Lisa,Sam,-29
17,Collin,Lisa,-29
18,Sam,Kevin,-31
19,Aidan,Sam,-24
20,John,Kevin,-25
21,Sam,George,-31
22,Collin,George,-31
23,George,Lisa,-31
24,Kevin,George,-26
25,Christina,Kevin,-24
26,George,Aidan,-24
27,Christina,Aidan,-31
28,Christina,Aidan,-27
29,George,John,-31
30,Collin,John,-24
31,George,Kevin,-31
32,Kevin,Christina,-31
33,Collin,Sam,-27
34,Aidan,Kevin,-27
35,Christina,Collin,-27
36,Kevin,Christina,-25
37,Lisa,Sam,-25
38,Sam,Christina,-31
39,John,Christina,-25
40,Lisa,Christina,-25
41,Collin,Christina,-31
42,Collin,John,-25
43,Christina,Sam,-25
44,Collin,John,-31
45,Kevin,Aidan,-25
46,Lisa,George,-31
47,Lisa,John,-25
48,John,George,-24
49,Sam,John,-24
50,Christina,Kevin,-31
51,Aidan,George,-25
52,Aidan,George,-25
53,Sam,John,-24
54,Sam,Collin,-25
55,Aidan,Collin,-31
56,Kevin,George,-29
57,Lisa,John,-31
58,Christina,Kevin,-25
59,Lisa,Christina,-31
60,Collin,Kevin,-25
61,George,Christina,-31
62,Sam,Aidan,-27
63,Christina,George,-24
64,Christina,John,-31
65,George,Aidan,-31
66,Aidan,Kevin,-25
67,Lisa,Aidan,-24
68,Christina,Aidan,-24
69,Sam,Aidan,-31
70,Christina,Aidan,-31
71,Kevin,Sam,-25
72,Sam,Lisa,-31
73,John,Sam,-26
74,Lisa,Collin,-31
75,Aidan,John,-24
76,John,Kevin,-24
77,Collin,Aidan,-27
78,Collin,Aidan,-27
79,Christina,Kevin,-25
80,Christina,John,-25
81,John,Kevin,-24
82,Sam,Lisa,-27
83,Kevin,Christina,-24
84,Sam,Kevin,-31
85,Kevin,Collin,-25
86,George,Christina,-24
87,John,Lisa,-26
88,Sam,Christina,-31
89,Aidan,George,-26
90,Collin,Sam,-25
91,Aidan,Kevin,-25
92,Sam,Christina,-25
93,John,Lisa,-26
94,Sam,Lisa,-25
95,Sam,George,-25
96,Aidan,John,-25
97,Lisa,Aidan,-31
98,Lisa,Collin,-25
99,George,Lisa,-31
100,Sam,George,-25
101,Christina,Collin,-31
102,John,Kevin,-31
103,Sam,Aidan,-27
104,John,Aidan,-26
105,George,Sam,-31
106,George,Kevin,-31
107,Sam,Lisa,-25
108,George,Sam,-24
109,George,Lisa,-31
110,Aidan,John,-25
111,John,Collin,-31
112,Sam,John,-25
113,Sam,Lisa,-31
114,George,Aidan,-27
115,John,Aidan,-31
116,Christina,George,-25
117,George,Christina,-31
0,George,Christina,-44
1,Collin,Aidan,-29
2,Sam,Lisa,-31
3,John,Lisa,-30
4,Sam,Lisa,-25
5,John,George,-30
6,Sam,John,-31
7,Christina,Kevin,-46
8,Kevin,Christina,-43
9,Collin,John,-31
10,Christina,Collin,-47
11,Collin,George,-31
12,Collin,Lisa,-31
13,Lisa,Aidan,-29
14,Collin,Christina,-40
15,Kevin,George,-31
16,Sam,John,-44
17,Kevin,Aidan,-31
18,Lisa,Christina,-29
19,Lisa,John,-29
20,Kevin,Aidan,-38
21,Kevin,Lisa,-31
22,Kevin,George,-27
23,Christina,John,-39
24,John,Kevin,-29
25,Christina,Sam,-30
26,Christina,Aidan,-29
27,Sam,Christina,-46
28,Aidan,Lisa,-26
29,Collin,John,-26
30,John,Lisa,-30
31,Sam,George,-30
32,Aidan,Lisa,-28
33,George,Aidan,-30
34,John,Christina,-34
35,Lisa,Christina,-31
36,Christina,Lisa,-31
37,Collin,Christina,-29
38,George,Kevin,-27
39,Lisa,John,-46
40,Kevin,Lisa,-41
41,Sam,John,-28
42,John,Christina,-31
43,Aidan,Lisa,-31
44,Aidan,George,-25
45,John,Christina,-31
46,Lisa,Christina,-31
47,George,Christina,-29
48,Christina,Sam,-45
49,Christina,John,-32
50,Christina,Kevin,-31
51,Aidan,Sam,-40
52,John,George,-31
53,George,Lisa,-34
54,Collin,Kevin,-31
55,Collin,John,-26
56,Collin,John,-29
57,John,Christina,-45
58,Kevin,George,-30
59,George,Aidan,-43
60,Collin,Lisa,-33
61,Lisa,Sam,-31
62,Lisa,Kevin,-32
63,Sam,Christina,-28
64,Christina,Aidan,-31
65,Collin,Sam,-29
66,Christina,John,-30
67,Lisa,Sam,-25
68,George,John,-31
69,George,Lisa,-44
70,George,Christina,-30
71,Sam,George,-29
72,Collin,John,-31
73,George,Kevin,-29
74,Aidan,John,-31
75,Lisa,John,-30
76,Christina,Lisa,-25
77,George,Christina,-42
78,Kevin,Lisa,-30
79,Collin,Sam,-30
80,Sam,John,-30
81,Sam,Aidan,-31
82,Kevin,Lisa,-29
83,George,Collin,-30
84,Collin,Kevin,-25
85,Aidan,Sam,-31
86,John,Collin,-41
87,George,Aidan,-24
88,Kevin,Collin,-30
89,Kevin,George,-41
90,John,George,-32
91,George,Aidan,-25
92,John,Lisa,-25
93,John,Christina,-24
94,Kevin,Collin,-30
95,Kevin,George,-30
96,George,Sam,-31
97,Lisa,Christina,-42
98,Lisa,Christina,-32
99,Christina,George,-27
100,John,Sam,-31
101,Kevin,John,-30
102,Collin,Christina,-31
103,George,Christina,-31
104,John,Kevin,-30
105,Aidan,John,-33
106,Aidan,Christina,-28
107,Lisa,George,-32
108,Aidan,Lisa,-31
109,Lisa,Sam,-31
110,John,George,-25
111,John,Christina,-29
112,Lisa,Christina,-31
113,Kevin,Sam,-31
114,Collin,Lisa,-26
115,John,Collin,-32
116,Sam,Aidan,-25
0,John,Christina,-36
1,Aidan,George,-44
2,Kevin,Sam,-41
3,Aidan,Kevin,-44
4,Collin,Kevin,-44
5,Aidan,George,-43
6,John,Kevin,-43
7,George,John,-36
8,Kevin,Lisa,-44
9,Lisa,Sam,-44
10,John,Collin,-44
11,John,Sam,-36
12,Sam,Aidan,-44
13,Kevin,Christina,-36
14,Kevin,John,-45
15,George,Christina,-41
16,Christina,Kevin,-43
17,Collin,George,-35
18,Collin,Lisa,-43
19,John,George,-44
20,Collin,Aidan,-44
21,Aidan,Lisa,-43
22,Christina,Aidan,-43
23,Sam,Collin,-41
24,Christina,George,-44
25,John,Collin,-36
26,Christina,Kevin,-44
27,Lisa,Aidan,-36
28,Sam,Aidan,-44
29,Collin,Christina,-36
30,Collin,George,-44
31,Sam,Aidan,-44
32,George,Sam,-44
33,Collin,Sam,-36
34,Lisa,Christina,-44
35,Aidan,Collin,-44
36,Christina,George,-43
37,Christina,Aidan,-44
38,Lisa,Sam,-44
39,Collin,George,-44
40,Aidan,Kevin,-43
41,Aidan,George,-44
42,Kevin,George,-36
43,George,Collin,-43
44,Kevin,Lisa,-35
45,Christina,Aidan,-43
46,Lisa,Kevin,-44
47,Kevin,Aidan,-44
48,Lisa,John,-44
49,Christina,Kevin,-44
50,Collin,John,-43
51,Collin,Christina,-36
52,Lisa,Sam,-44
53,Lisa,Sam,-43
54,Lisa,Aidan,-44
55,Collin,Lisa,-44
56,George,Sam,-36
57,Christina,Lisa,-36
58,Sam,Lisa,-36
59,Collin,John,-43
60,Aidan,Sam,-36
61,George,Christina,-44
62,Christina,George,-43
63,Christina,George,-43
64,Aidan,Lisa,-44
65,Sam,Christina,-44
66,Christina,Aidan,-36
67,Collin,John,-44
68,Kevin,Christina,-44
69,John,Collin,-36
70,John,Collin,-44
71,Sam,Collin,-35
72,Kevin,John,-36
73,John,Sam,-43
74,Kevin,Aidan,-44
75,Collin,Sam,-44
76,Collin,Christina,-44
77,Aidan,John,-37
78,Lisa,Sam,-44
79,Lisa,Sam,-44
80,George,John,-36
81,Collin,Aidan,-45
82,Kevin,Sam,-36
83,John,Kevin,-36
84,George,Christina,-44
85,Kevin,Christina,-46
86,Lisa,Collin,-43
87,Sam,Collin,-44
88,Aidan,Christina,-45
89,John,Christina,-36
90,John,George,-36
91,Collin,Aidan,-36
92,Lisa,Collin,-36
93,Lisa,Christina,-36
94,Aidan,Lisa,-36
95,Christina,Sam,-43
96,John,Christina,-37
97,Christina,Collin,-44
98,John,Sam,-41
99,Kevin,Collin,-45
100,Christina,George,-43
101,John,Collin,-43
102,Aidan,Collin,-36
103,George,Lisa,-35
104,John,Collin,-41
105,Sam,Christina,-36
106,George,Kevin,-43
107,Collin,George,-43
108,Christina,George,-36
109,Christina,Collin,-44
110,Sam,Lisa,-36
111,George,Collin,-43
112,Kevin,John,-36
113,Lisa,Christina,-44
114,John,Aidan,-36
115,George,Sam,-43
116,Aidan,John,-44
0,Collin,Aidan,-74
1,Aidan,Kevin,-78
2,Lisa,Christina,-80
3,Aidan,Collin,-92
4,Aidan,Sam,-69
5,Christina,Lisa,-75
6,Sam,George,-75
7,Collin,Lisa,-73
8,Christina,Kevin,-61
9,Lisa,Collin,-69
10,George,John,-62
11,Collin,John,-66
12,Sam,John,-70
13,Aidan,Sam,-81
14,Aidan,Sam,-74
15,Christina,Kevin,-63
16,John,Aidan,-66
17,Lisa,John,-69
18,Aidan,Christina,-72
19,Sam,Christina,-70
20,Kevin,Christina,-71
21,George,John,-70
22,Kevin,Aidan,-72
23,Sam,Collin,-69
24,Collin,Kevin,-69
25,George,Christina,-68
26,Christina,Lisa,-69
27,George,Collin,-63
28,Collin,Lisa,-67
29,John,George,-71
30,Christina,Kevin,-71
31,Kevin,Sam,-74
32,Sam,Lisa,-88
33,Collin,Aidan,-66
34,Sam,Aidan,-65
35,George,Aidan,-74
36,Lisa,Kevin,-57
37,George,Aidan,-66
38,Lisa,Aidan,-62
39,Collin,Lisa,-65
40,Christina,George,-74
41,Christina,Collin,-70
42,Kevin,Aidan,-62
43,Collin,George,-62
44,Kevin,Collin,-65
45,Aidan,John,-67
46,Aidan,Sam,-67
47,Sam,Kevin,-67
48,Collin,George,-64
49,Sam,George,-65
50,John,George,-61
51,John,Collin,-66
52,Sam,George,-62
53,Sam,Lisa,-65
54,Kevin,Christina,-70
55,Lisa,John,-80
56,Aidan,Kevin,-61
57,George,Kevin,-59
58,Kevin,George,-59
59,Christina,Sam,-62
60,Sam,George,-81
61,Aidan,Collin,-74
62,Lisa,George,-55
63,Collin,Sam,-65
64,Kevin,Aidan,-56
65,Sam,Christina,-55
66,Christina,John,-66
67,Christina,Aidan,-65
68,Collin,Christina,-63
69,Sam,Christina,-63
70,Lisa,Christina,-65
71,Aidan,John,-55
72,Aidan,Lisa,-57
73,Kevin,Sam,-69
74,Christina,Lisa,-63
75,Collin,Aidan,-71
76,Kevin,Christina,-64
77,Christina,Kevin,-63
78,John,Collin,-65
79,John,Sam,-62
80,Collin,Lisa,-62
81,Sam,George,-70
82,George,Collin,-65
83,Christina,John,-66
84,Collin,Christina,-64
85,Kevin,Lisa,-75
86,Christina,George,-60
87,Christina,John,-70
88,John,Collin,-71
89,Lisa,Sam,-71
90,Sam,Aidan,-74
91,Lisa,Aidan,-60
92,Christina,John,-65
93,Sam,Lisa,-61
94,George,Collin,-72
95,Collin,Kevin,-67
96,Christina,John,-59
97,Aidan,Kevin,-58
98,Aidan,Lisa,-56
99,Christina,Kevin,-55
100,John,Kevin,-66
101,Sam,Kevin,-62
102,Christina,Kevin,-68
103,George,Collin,-72
104,Kevin,Aidan,-60
105,Kevin,George,-63
106,Kevin,Christina,-63
107,Lisa,Kevin,-61
108,George,Lisa,-60
109,Lisa,John,-56
110,Christina,John,-74
111,Kevin,Lisa,-58
112,George,Collin,-55
113,Aidan,Christina,-64
114,George,Christina,-77
0,Sam,Kevin,-65
1,Sam,Collin,-55
2,Lisa,Kevin,-64
3,Collin,Lisa,-62
4,Lisa,Sam,-54
5,Aidan,George,-73
6,John,Kevin,-55
7,Sam,Lisa,-55
8,Christina,Collin,-54
9,Kevin,George,-55
10,Kevin,George,-53
11,Aidan,John,-56
12,George,Aidan,-54
13,George,Kevin,-54
14,Lisa,Aidan,-54
15,Aidan,Christina,-53
16,Kevin,Collin,-57
17,Kevin,Collin,-56
18,George,Lisa,-54
19,Christina,Collin,-53
20,Lisa,Christina,-53
21,Lisa,Sam,-54
22,Sam,Aidan,-56
23,Kevin,Sam,-55
24,John,Kevin,-54
25,Sam,Collin,-53
26,George,John,-54
27,Christina,John,-56
28,John,Collin,-55
29,Aidan,Kevin,-54
30,John,Lisa,-55
31,Aidan,George,-54
32,John,Sam,-57
33,Aidan,Lisa,-53
34,John,Christina,-56
35,Sam,George,-54
36,Aidan,Lisa,-54
37,Aidan,Collin,-54
38,Aidan,Kevin,-53
39,Kevin,Sam,-53
40,Christina,Sam,-54
41,Kevin,Christina,-54
42,John,Kevin,-57
43,Aidan,John,-56
44,Aidan,George,-54
45,George,Christina,-54
46,Collin,Aidan,-54
47,Collin,Sam,-53
48,John,Lisa,-54
49,Lisa,George,-53
50,Christina,Aidan,-54
51,Kevin,John,-58
52,John,George,-57
53,Collin,Kevin,-53
54,Sam,Lisa,-56
55,Collin,Christina,-53
56,Christina,John,-54
57,Christina,John,-53
58,George,Kevin,-54
59,John,Collin,-54
60,Christina,John,-54
61,Sam,John,-54
62,John,George,-55
63,Sam,George,-54
64,Sam,Collin,-53
65,Sam,Kevin,-53
66,Kevin,Sam,-54
67,Kevin,Aidan,-54
68,Christina,John,-57
69,Aidan,Collin,-53
70,Collin,Aidan,-53
71,George,Collin,-55
72,John,George,-53
73,Sam,Lisa,-57
74,George,Aidan,-53
75,Aidan,John,-55
76,Aidan,Sam,-53
77,Lisa,Sam,-53
78,John,Aidan,-57
79,Christina,Kevin,-54
80,Christina,Sam,-53
81,John,Aidan,-54
82,Aidan,Lisa,-56
83,George,Aidan,-53
84,George,Aidan,-55
85,Sam,Lisa,-53
86,Lisa,John,-53
87,Collin,Aidan,-58
88,Lisa,Aidan,-52
89,George,John,-57
90,Aidan,Christina,-56
91,Aidan,Lisa,-53
92,Christina,Lisa,-54
93,Christina,Kevin,-54
94,John,Kevin,-57
95,Kevin,Collin,-54
96,Christina,John,-54
97,Sam,Christina,-54
98,George,Christina,-56
99,Sam,Christina,-53
100,George,Aidan,-56
101,Collin,George,-54
102,Kevin,Lisa,-53
103,Kevin,George,-57
104,Collin,Kevin,-56
105,Kevin,George,-50
106,Aidan,Sam,-55
107,Christina,Kevin,-57
108,Lisa,Kevin,-54
109,Collin,John,-54
110,Christina,Kevin,-54
111,George,John,-57
112,Collin,Christina,-58
0,John,Aidan,-58
1,John,Lisa,-57
2,Kevin,Lisa,-56
3,Sam,Aidan,-57
4,Collin,Christina,-56
5,Kevin,Sam,-54
6,Aidan,Kevin,-54
7,Kevin,George,-54
8,Collin,George,-58
9,Sam,George,-55
10,George,Collin,-56
11,John,Collin,-58
12,John,Christina,-54
13,John,Sam,-57
14,John,Kevin,-55
15,Aidan,Kevin,-55
16,Aidan,Kevin,-54
17,Sam,Christina,-54
18,Kevin,John,-54
19,John,Sam,-54
20,Collin,George,-54
21,Lisa,Kevin,-57
22,Sam,Kevin,-54
23,Collin,John,-54
24,Kevin,George,-54
25,George,Kevin,-56
26,George,Collin,-59
27,Aidan,John,-55
28,John,Collin,-59
29,John,Lisa,-55
30,Lisa,Sam,-55
31,George,Kevin,-55
32,Christina,Collin,-56
33,Sam,Collin,-56
34,George,Kevin,-54
35,Christina,Aidan,-55
36,Lisa,Collin,-55
37,Lisa,John,-56
38,Christina,John,-56
39,George,Lisa,-60
40,Aidan,George,-59
41,Collin,Christina,-56
42,Sam,Collin,-55
43,Kevin,Sam,-54
44,Kevin,John,-55
45,George,Sam,-55
46,John,Lisa,-52
47,John,Lisa,-59
48,Kevin,George,-56
49,Collin,Christina,-57
50,Aidan,Christina,-55
51,John,Aidan,-55
52,Aidan,Collin,-55
53,Collin,Lisa,-54
54,Collin,Kevin,-59
55,Christina,Kevin,-55
56,Lisa,John,-59
57,Collin,Kevin,-55
58,George,Kevin,-55
59,Lisa,Christina,-61
60,Collin,Lisa,-55
61,Christina,Collin,-55
62,Sam,Collin,-60
63,Collin,Sam,-55
64,Sam,Aidan,-55
65,Aidan,Christina,-55
66,Sam,Kevin,-54
67,Christina,John,-53
68,John,George,-54
69,George,John,-55
70,Collin,George,-59
71,Collin,Sam,-56
72,Collin,Sam,-54
73,Christina,Sam,-52
74,Christina,Kevin,-55
75,Lisa,Aidan,-55
76,George,Sam,-55
77,George,Sam,-53
78,Lisa,George,-54
79,Lisa,Kevin,-54
80,Kevin,Sam,-54
81,Collin,John,-54
82,Christina,John,-60
83,Aidan,Collin,-59
84,Lisa,Aidan,-54
85,Lisa,Collin,-55
86,Aidan,Kevin,-55
87,Sam,Lisa,-60
88,Aidan,George,-59
89,Lisa,Sam,-55
90,Collin,John,-55
91,Aidan,Sam,-58
92,Kevin,George,-55
93,Aidan,Lisa,-55
94,John,Lisa,-55
95,Sam,Aidan,-54
96,Lisa,Sam,-55
97,John,Christina,-59
98,John,Christina,-56
99,Collin,John,-54
100,Aidan,George,-54
101,George,Collin,-55
102,Aidan,Kevin,-57
103,Kevin,Sam,-55
104,Collin,George,-60
0,Sam,Kevin,-54
1,Aidan,Sam,-63
2,George,Collin,-61
3,Christina,Collin,-52
4,Kevin,Aidan,-38
5,Sam,Christina,-54
6,John,Lisa,-63
7,George,Collin,-64
8,George,Aidan,-76
9,Kevin,Collin,-68
10,Lisa,Christina,-72
11,Aidan,George,-60
12,Sam,Lisa,-64
13,Sam,John,-64
14,Kevin,Aidan,-72
15,Kevin,Collin,-73
16,Kevin,Lisa,-67
17,Lisa,John,-58
18,Lisa,Christina,-49
19,John,Sam,-52
20,George,Kevin,-57
21,Christina,George,-75
22,Kevin,George,-75
23,Aidan,Kevin,-75
24,Collin,John,-55
25,Collin,Christina,-57
26,Collin,Christina,-62
27,Collin,Kevin,-46
28,Collin,John,-61
29,Aidan,Kevin,-71
30,Lisa,Christina,-68
31,Kevin,Aidan,-57
32,Collin,Christina,-67
33,George,Aidan,-62
34,Kevin,Collin,-53
35,Lisa,Aidan,-62
36,Collin,Aidan,-43
37,Collin,Aidan,-44
38,Kevin,Aidan,-58
39,Christina,Aidan,-74
40,Lisa,Collin,-68
41,Aidan,Kevin,-61
42,Sam,John,-75
43,Christina,Lisa,-61
44,Aidan,Kevin,-62
45,Collin,George,-48
46,Lisa,George,-55
47,George,Sam,-53
48,Christina,John,-50
49,Christina,Kevin,-78
50,Aidan,Christina,-55
51,Sam,John,-58
52,Kevin,Christina,-35
53,Christina,Collin,-54
54,John,Collin,-54
55,Aidan,Sam,-71
